Nuc_name,Nuc_posX,Nuc_posY,Nuc_posZ,Nuc_aa,Nuc_aaID,Acid_name,Acid_posX,Acid_posY,Acid_posZ,Acid_aa,Acid_aaID,Base_name,Base_posX,Base_posY,Base_posZ,Base_aa,Base_aaID,Dist_Nuc_Acid,Dist_Acid_Base,Dist_Base_Nuc,Angle_Nuc,Angle_Acid,Angle_Base
OG,7.475,55.44,17.011,SER,120,OD1,7.522,57.935,10.161,ASP,175,CG,8.732,58.656,13.477,HIS,188,7.290387,3.6027482,4.9408355,26.30388074229891,37.42441482964674,116.27171314556622
OG,7.475,55.44,17.011,SER,120,OD2,5.908,59.079,11.106,ASP,175,CG,8.732,58.656,13.477,HIS,188,7.111036,3.7115428,4.9408355,29.426759840760894,40.84664325597425,109.72661232395747
