Nuc_name,Nuc_posX,Nuc_posY,Nuc_posZ,Nuc_aa,Nuc_aaID,Acid_name,Acid_posX,Acid_posY,Acid_posZ,Acid_aa,Acid_aaID,Base_name,Base_posX,Base_posY,Base_posZ,Base_aa,Base_aaID,Dist_Nuc_Acid,Dist_Acid_Base,Dist_Base_Nuc,Angle_Nuc,Angle_Acid,Angle_Base
OG,36.429,34.615,39.928,SER,194,OD1,41.378,36.462,43.765,ASP,320,CG,38.765,37.859,41.947,HIS,435,6.5289006,3.4762764,4.478479,30.089140069489886,40.23198456124638,109.67885975673045
OG,36.429,34.615,39.928,SER,194,OD1,43.457,35.14,38.409,ASP,438,CG,40.282,33.064,37.881,GLU,193,7.209422,3.8300366,4.63049,28.369071336944653,35.06129639061686,116.5696254874891
OG,36.429,34.615,39.928,SER,194,OD2,43.87,33.046,37.92,ASP,438,CG,40.282,33.064,37.881,GLU,193,7.8652587,3.5882545,4.63049,14.785404199882503,19.22773792279091,145.9868756733588
OG,36.241,69.056,22.366,SER,194,OD1,42.631,70.66,25.348,ASP,320,CG,40.594,68.191,24.658,HIS,435,7.2316837,3.2743597,4.9950085,22.950464236751866,36.501414198936246,120.54812666140103
OG,36.241,69.056,22.366,SER,194,OD1,38.292,70.856,30.336,ASP,438,CG,35.856,71.731,27.2,GLU,193,8.424223,4.066229,5.53818,24.20738720871616,33.9502435119157,121.84237846968864
OG,40.135,72.249,24.876,SER,220,OD2,37.333,72.81,30.637,ASP,438,CG,35.856,71.731,27.2,GLU,193,6.4307876,3.89342,4.89685,37.18640328920662,49.48019158089787,93.3334099982612
