Nuc_name,Nuc_posX,Nuc_posY,Nuc_posZ,Nuc_aa,Nuc_aaID,Acid_name,Acid_posX,Acid_posY,Acid_posZ,Acid_aa,Acid_aaID,Base_name,Base_posX,Base_posY,Base_posZ,Base_aa,Base_aaID,Dist_Nuc_Acid,Dist_Acid_Base,Dist_Base_Nuc,Angle_Nuc,Angle_Acid,Angle_Base
OG,44.292,22.484,63.072,SER,114,OD1,42.183,26.253,57.322,ASP,168,CG,41.383,25.814,60.917,HIS,199,7.1913667,3.70901,4.918862,28.532547813459995,39.30633888292799,112.16110317842963
OG,44.292,22.484,63.072,SER,114,OD2,40.936,24.463,57.73,ASP,168,CG,41.383,25.814,60.917,HIS,199,6.611817,3.4902692,4.918862,31.04324124429063,46.61531626270887,102.34144223572868
OG,38.107,21.759,59.459,SER,139,OD1,42.183,26.253,57.322,ASP,168,CG,41.383,25.814,60.917,HIS,199,6.432463,3.70901,5.413036,35.17687610323546,57.22262773370745,87.60049936302347
OG,47.644,39.45,56.033,SER,114,OD1,42.323,35.575,57.707,ASP,168,CG,44.429,36.224,54.618,HIS,199,6.7919755,3.7945166,4.7692285,32.763999114356494,42.858880718715994,104.37710958942347
OG,47.644,39.45,56.033,SER,114,OD2,41.665,37.24,56.446,ASP,168,CG,44.429,36.224,54.618,HIS,199,6.387731,3.4660552,4.7692285,32.23999349560669,47.22620902379758,100.5337966343626
OG,41.15,40.283,53.748,SER,139,OD1,42.323,35.575,57.707,ASP,168,CG,44.429,36.224,54.618,HIS,199,6.262178,3.7945166,5.2900124,37.16070537222514,57.3649002053263,85.47439647518864
OG,41.15,40.283,53.748,SER,139,OD2,41.087,32.021,55.792,ASP,169,CG,41.41,36.255,57.181,ASP,168,8.511319,4.467708,5.298855,26.73184556167999,32.24200838205321,121.0261527922598
