Nuc_name,Nuc_posX,Nuc_posY,Nuc_posZ,Nuc_aa,Nuc_aaID,Acid_name,Acid_posX,Acid_posY,Acid_posZ,Acid_aa,Acid_aaID,Base_name,Base_posX,Base_posY,Base_posZ,Base_aa,Base_aaID,Dist_Nuc_Acid,Dist_Acid_Base,Dist_Base_Nuc,Angle_Nuc,Angle_Acid,Angle_Base
OG,10.669,7.564,5.513,SER,90,OD1,4.531,9.58,2.615,ASP,175,CG,7.975,11.161,3.459,HIS,187,7.0807977,3.8824003,4.9411497,31.786391717206847,42.098133131449,106.11548324544111
OG,10.669,7.564,5.513,SER,90,OD2,4.577,10.992,4.272,ASP,175,CG,7.975,11.161,3.459,HIS,187,7.099558,3.4979897,4.9411497,26.874226982602348,39.682155540707015,113.44361588338192
SG,4.189,-1.45,17.964,CYS,101,OD2,5.814,2.996,11.737,ASP,133,CG,5.768,0.154,13.448,ASP,97,7.821961,3.3176196,5.045822,16.62484097275299,25.794216845283646,137.58095058071467
