Nuc_name,Nuc_posX,Nuc_posY,Nuc_posZ,Nuc_aa,Nuc_aaID,Acid_name,Acid_posX,Acid_posY,Acid_posZ,Acid_aa,Acid_aaID,Base_name,Base_posX,Base_posY,Base_posZ,Base_aa,Base_aaID,Dist_Nuc_Acid,Dist_Acid_Base,Dist_Base_Nuc,Angle_Nuc,Angle_Acid,Angle_Base
OG,15.0,50.429,-0.151,SER,203,OD1,10.439,56.586,0.997,ASP,171,CG,12.373,53.264,1.337,HIS,202,7.747854,3.8589675,4.1415567,13.92579162649847,14.968517841852474,151.10571833068758
OG,15.0,50.429,-0.151,SER,203,OD2,12.066,56.671,2.424,ASP,171,CG,12.373,53.264,1.337,HIS,202,7.36217,3.5893562,4.1415567,16.499614164318018,19.12935101514745,144.37102275172293
