Nuc_name,Nuc_posX,Nuc_posY,Nuc_posZ,Nuc_aa,Nuc_aaID,Acid_name,Acid_posX,Acid_posY,Acid_posZ,Acid_aa,Acid_aaID,Base_name,Base_posX,Base_posY,Base_posZ,Base_aa,Base_aaID,Dist_Nuc_Acid,Dist_Acid_Base,Dist_Base_Nuc,Angle_Nuc,Angle_Acid,Angle_Base
OG,42.694,11.483,58.387,SER,115,OD1,47.778,8.833,64.381,ASP,233,CG,45.637,11.891,63.31,HIS,289,8.294428,3.8835897,5.7500997,24.529083279144853,37.92900879767567,117.54191633325016
OG,42.694,11.483,58.387,SER,115,OD2,48.854,10.414,63.299,ASP,233,CG,45.637,11.891,63.31,HIS,289,7.950855,3.5398777,5.7500997,23.66239548334574,40.687949274875365,115.6496449093445
SG,33.202,24.545,54.028,CYS,45,OD1,32.285,18.663,52.837,ASP,79,CG,30.879,22.32,51.742,GLU,71,6.0710206,4.0681086,3.946232,41.510675178705604,40.00869865622806,98.48062697484555
SG,33.686,26.503,54.403,CYS,46,OD1,32.285,18.663,52.837,ASP,79,CG,30.879,22.32,51.742,GLU,71,8.116696,4.0681086,5.6971626,27.82777016517058,40.824881926861025,111.34734418761818
SG,33.686,26.503,54.403,CYS,46,OD2,32.544,20.116,54.459,ASP,79,CG,30.879,22.32,51.742,GLU,71,6.488535,3.8745224,5.6971626,36.34899919995588,60.63565689756245,83.01534472732546
