Nuc_name,Nuc_posX,Nuc_posY,Nuc_posZ,Nuc_aa,Nuc_aaID,Acid_name,Acid_posX,Acid_posY,Acid_posZ,Acid_aa,Acid_aaID,Base_name,Base_posX,Base_posY,Base_posZ,Base_aa,Base_aaID,Dist_Nuc_Acid,Dist_Acid_Base,Dist_Base_Nuc,Angle_Nuc,Angle_Acid,Angle_Base
OG,46.697,50.365,7.687,SER,152,OD2,40.016,50.551,9.879,ASP,176,CG,43.452,51.197,11.325,HIS,263,7.033862,3.783429,4.9454303,31.025227558452112,42.35440507207409,106.6203753679928
OG,32.085,51.494,51.037,SER,152,OD2,38.858,51.506,48.472,ASP,176,CG,35.232,51.949,47.138,HIS,263,7.2424393,3.8889208,5.0311847,30.731762130323855,41.385165286218395,107.88307348782669
