Nuc_name,Nuc_posX,Nuc_posY,Nuc_posZ,Nuc_aa,Nuc_aaID,Acid_name,Acid_posX,Acid_posY,Acid_posZ,Acid_aa,Acid_aaID,Base_name,Base_posX,Base_posY,Base_posZ,Base_aa,Base_aaID,Dist_Nuc_Acid,Dist_Acid_Base,Dist_Base_Nuc,Angle_Nuc,Angle_Acid,Angle_Base
OG,37.182,17.025,20.707,SER,202,OD1,43.708,19.795,20.103,ASP,308,CG,41.128,18.392,17.831,HIS,338,7.115224,3.7130592,5.0706,29.903190532477545,42.90672849023206,107.19007108382942
OG,37.182,17.025,20.707,SER,202,OD2,43.73,17.609,19.879,ASP,308,CG,41.128,18.392,17.831,HIS,338,6.6259303,3.4026175,5.0706,30.26555889384345,48.683709697786746,101.05072945856435
OG,69.092,2.998,23.042,SER,202,OD1,66.426,8.654,25.561,ASP,308,CG,66.923,5.197,26.819,HIS,338,6.741162,3.7121983,4.8791313,32.51820033753032,44.95509359815026,102.52671060740045
OG,69.092,2.998,23.042,SER,202,OD2,64.914,7.273,24.913,ASP,308,CG,66.923,5.197,26.819,HIS,338,6.263542,3.461022,4.8791313,33.34507588002194,50.796378022672165,95.85854900715039
