Nuc_name,Nuc_posX,Nuc_posY,Nuc_posZ,Nuc_aa,Nuc_aaID,Acid_name,Acid_posX,Acid_posY,Acid_posZ,Acid_aa,Acid_aaID,Base_name,Base_posX,Base_posY,Base_posZ,Base_aa,Base_aaID,Dist_Nuc_Acid,Dist_Acid_Base,Dist_Base_Nuc,Angle_Nuc,Angle_Acid,Angle_Base
OG,59.187,53.581,20.474,SER,181,OD1,63.575,48.786,22.996,ASP,269,CG,61.474,49.278,20.178,HIS,298,6.9718776,3.5492818,4.8819876,28.465493215700437,40.964945414461106,110.56956248451033
OG,59.187,53.581,20.474,SER,181,OD2,61.475,48.189,23.47,ASP,269,CG,61.474,49.278,20.178,HIS,298,6.5791054,3.4674468,4.8819876,30.943944554123767,46.38292063341651,102.67312615721494
OG,60.204,34.77,1.48,SER,181,OD1,64.04,40.013,-1.035,ASP,269,CG,61.976,39.285,1.726,HIS,298,6.9662895,3.523237,4.8565145,28.075377688926157,40.446017536129744,111.47860344395893
OG,60.204,34.77,1.48,SER,181,OD2,61.89,40.372,-1.507,ASP,269,CG,61.976,39.285,1.726,HIS,298,6.5686517,3.4119287,4.8565145,30.289807899645826,45.8832038041951,103.82698919315386
