Nuc_name,Nuc_posX,Nuc_posY,Nuc_posZ,Nuc_aa,Nuc_aaID,Acid_name,Acid_posX,Acid_posY,Acid_posZ,Acid_aa,Acid_aaID,Base_name,Base_posX,Base_posY,Base_posZ,Base_aa,Base_aaID,Dist_Nuc_Acid,Dist_Acid_Base,Dist_Base_Nuc,Angle_Nuc,Angle_Acid,Angle_Base
OG,24.447,67.159,69.877,SER,111,OD1,23.781,69.817,76.253,ASP,228,CG,26.091,67.792,74.442,HIS,283,6.9398785,3.5660117,4.893125,29.020857254309163,41.73384601964953,109.24530210724629
OG,24.447,67.159,69.877,SER,111,OD2,23.456,67.646,76.524,ASP,228,CG,26.091,67.792,74.442,HIS,283,6.738094,3.3614385,4.893125,28.325569809686037,43.68435239143676,107.99007457375964
