Nuc_name,Nuc_posX,Nuc_posY,Nuc_posZ,Nuc_aa,Nuc_aaID,Acid_name,Acid_posX,Acid_posY,Acid_posZ,Acid_aa,Acid_aaID,Base_name,Base_posX,Base_posY,Base_posZ,Base_aa,Base_aaID,Dist_Nuc_Acid,Dist_Acid_Base,Dist_Base_Nuc,Angle_Nuc,Angle_Acid,Angle_Base
OG,-0.623,45.923,28.717,SER,9,OD1,2.7,46.617,21.981,ASP,192,CG,1.407,44.837,24.925,HIS,195,7.543052,3.6752377,4.4361644,19.540811820744427,23.81153021571538,136.64764424283777
OG,-0.623,45.923,28.717,SER,9,OD2,0.74,45.91,21.308,ASP,192,CG,1.407,44.837,24.925,HIS,195,7.533339,3.8313043,4.4361644,22.496951676861897,26.29813370418341,131.20490188031664
OG,3.785,56.811,9.527,SER,9,OD1,9.879,54.218,5.484,ASP,192,CG,7.985,56.74,7.545,HIS,195,7.759275,3.7676857,4.6447134,20.341312375786007,25.374148209910306,134.28455533497026
OG,3.785,56.811,9.527,SER,9,OD2,10.487,53.524,7.458,ASP,192,CG,7.985,56.74,7.545,HIS,195,7.7460933,4.0755677,4.6447134,25.46677274549004,29.342860906348157,125.19036347414412
