Nuc_name,Nuc_posX,Nuc_posY,Nuc_posZ,Nuc_aa,Nuc_aaID,Acid_name,Acid_posX,Acid_posY,Acid_posZ,Acid_aa,Acid_aaID,Base_name,Base_posX,Base_posY,Base_posZ,Base_aa,Base_aaID,Dist_Nuc_Acid,Dist_Acid_Base,Dist_Base_Nuc,Angle_Nuc,Angle_Acid,Angle_Base
OG,-17.41,19.836,22.971,SER,77,OD1,-19.619,25.085,27.476,ASP,133,CG,-20.216,24.113,24.032,HIS,156,7.2613144,3.6279922,5.2241826,28.211259979415846,42.89884425724705,108.8898937254868
OG,-17.41,19.836,22.971,SER,77,OD2,-18.183,26.063,26.136,ASP,133,CG,-20.216,24.113,24.032,HIS,156,7.027821,3.51602,5.2241826,28.843010256123026,45.789100316487,105.36788269350434
OG,14.683,56.128,-8.1,SER,77,OD1,18.376,51.47,-12.673,ASP,133,CG,14.944,53.045,-12.242,HIS,156,7.499834,3.8006573,5.1700263,27.904996009679625,39.54090936781928,112.55409171104846
OG,14.683,56.128,-8.1,SER,77,OD2,17.009,50.25,-11.464,ASP,133,CG,14.944,53.045,-12.242,HIS,156,7.1608405,3.561113,5.1700263,28.084311089966345,43.11497057142991,108.80072464826607
