Nuc_name,Nuc_posX,Nuc_posY,Nuc_posZ,Nuc_aa,Nuc_aaID,Acid_name,Acid_posX,Acid_posY,Acid_posZ,Acid_aa,Acid_aaID,Base_name,Base_posX,Base_posY,Base_posZ,Base_aa,Base_aaID,Dist_Nuc_Acid,Dist_Acid_Base,Dist_Base_Nuc,Angle_Nuc,Angle_Acid,Angle_Base
OG,56.109,-4.597,24.139,SER,47,OD2,54.934,-0.631,30.514,ASP,192,CG,56.029,-3.248,28.288,HIS,195,7.599369,3.6059384,4.363531,15.883677486280328,19.34071723616669,144.775604977454
OG,44.884,-10.167,23.017,SER,76,OD1,48.752,-7.704,17.583,ASP,75,CG,45.201,-9.785,17.632,HIS,79,7.110285,4.116133,5.4078317,35.1769817546142,49.19108397687381,95.6319278229142
