Nuc_name,Nuc_posX,Nuc_posY,Nuc_posZ,Nuc_aa,Nuc_aaID,Acid_name,Acid_posX,Acid_posY,Acid_posZ,Acid_aa,Acid_aaID,Base_name,Base_posX,Base_posY,Base_posZ,Base_aa,Base_aaID,Dist_Nuc_Acid,Dist_Acid_Base,Dist_Base_Nuc,Angle_Nuc,Angle_Acid,Angle_Base
OG,66.277,24.42,57.722,SER,97,OD1,72.823,26.371,59.154,ASP,227,CG,70.863,23.627,59.279,HIS,256,6.9790483,3.3744266,4.9075937,26.3095878697571,40.13556717095059,113.55483940261081
OG,66.277,24.42,57.722,SER,97,OD2,71.663,26.523,61.011,ASP,227,CG,70.863,23.627,59.279,HIS,256,6.652004,3.4679463,4.9075937,30.41232100470492,45.7552693407952,103.83240106618007
OG,66.193,-2.95,31.159,SER,97,OD1,72.622,-2.531,28.573,ASP,227,CG,70.69,-1.007,30.977,HIS,256,6.9422626,3.4401176,4.902183,27.467045167575876,41.091756865158935,111.44119938196248
OG,66.193,-2.95,31.159,SER,97,OD2,71.517,-0.886,27.633,ASP,227,CG,70.69,-1.007,30.977,HIS,256,6.711015,3.446868,4.902183,29.6390270414063,44.69503597311588,105.66594197739451
OG,66.894,-11.914,68.049,SER,97,OD1,73.897,-14.528,68.535,ASP,227,CG,71.709,-13.161,66.293,HIS,256,7.4907465,3.4179864,5.274733,23.892799886147625,38.685739870311956,117.42146185105923
OG,66.894,-11.914,68.049,SER,97,OD2,72.663,-16.195,67.808,ASP,227,CG,71.709,-13.161,66.293,HIS,256,7.1879387,3.5228534,5.274733,27.796816565842505,44.28618050009153,107.91698831383415
